id,first_name,last_name,email,gender,ip_address,location
1,Jinny,Josovich,jjosovich0@soundcloud.com,Non-binary,112.94.246.112,RU
2,Stephanie,Feige,sfeige1@icq.com,Female,153.158.121.56,ID
3,Isidore,Scandrett,iscandrett2@tiny.cc,Male,176.106.138.176,PT
4,Michael,Purver,mpurver3@cocolog-nifty.com,Male,115.197.130.139,BR
5,Correy,Cleaver,ccleaver4@latimes.com,Male,138.164.187.120,ID
6,Orton,Schieferstein,oschieferstein5@skyrock.com,Genderfluid,13.48.96.66,DJ
7,Bobbette,Roizn,broizn6@usda.gov,Female,49.100.105.100,PL
8,Marinna,Woodham,mwoodham7@usgs.gov,Female,36.88.3.197,PH
9,Oren,Sculpher,osculpher8@nbcnews.com,Male,63.113.19.223,PE
10,Jonell,Leggatt,jleggatt9@opensource.org,Female,75.122.30.85,MD
11,Shepherd,Paddle,spaddlea@google.nl,Male,149.227.109.220,SI
12,Sophey,Jennery,sjenneryb@discuz.net,Genderfluid,81.87.218.0,CN
13,Herculie,Menichi,hmenichic@sogou.com,Male,112.148.141.36,US
14,Anabel,Kareman,akaremand@icio.us,Female,216.59.4.41,NG
15,Angeline,Tonepohl,atonepohle@prlog.org,Female,158.229.100.166,CN
16,Priscilla,Scyner,pscynerf@clickbank.net,Female,133.156.29.108,RU
17,Lebbie,Bruckstein,lbrucksteing@jimdo.com,Female,13.216.236.76,AR
18,Lilla,Dach,ldachh@boston.com,Female,29.208.247.89,PH
19,Pablo,Klesl,pklesli@barnesandnoble.com,Male,25.34.77.206,RS
20,Ezra,Sheryne,esherynej@wikia.com,Male,192.243.132.214,ID
21,Maurise,Tooley,mtooleyk@skype.com,Genderfluid,134.252.49.3,PT
22,Padriac,Kidson,pkidsonl@sohu.com,Genderfluid,170.128.185.119,CN
23,Miles,Elderkin,melderkinm@prnewswire.com,Male,222.240.57.232,MM
24,Nelly,Yabsley,nyabsleyn@amazon.co.uk,Female,57.111.223.147,PT
25,Roi,Degoix,rdegoixo@mlb.com,Male,136.102.200.106,SY
26,Riane,Blackstock,rblackstockp@domainmarket.com,Female,217.124.154.48,CN
27,Marnia,Seedull,mseedullq@meetup.com,Female,210.255.72.193,AE
28,Stirling,Keming,skemingr@gizmodo.com,Male,0.51.104.26,IE
29,Ingamar,Dockray,idockrays@vimeo.com,Male,205.188.142.168,CN
30,Tally,Philippe,tphilippet@jigsy.com,Female,101.107.125.172,CN
31,Daisi,Belfield,dbelfieldu@etsy.com,Female,180.127.14.71,GR
32,Alvis,Drever,adreverv@instagram.com,Male,38.73.236.214,CN
33,Egan,Roset,erosetw@earthlink.net,Male,68.51.197.216,ID
34,Trixy,Andrews,tandrewsx@github.io,Female,98.132.36.208,PL
35,Dani,Enderwick,denderwicky@ca.gov,Female,129.253.218.210,PR
36,Pace,Chansonnau,pchansonnauz@skyrock.com,Male,38.193.111.185,ID
37,Gram,McDaid,gmcdaid10@webs.com,Genderfluid,156.142.26.30,UG
38,Vitoria,Chicchelli,vchicchelli11@desdev.cn,Female,50.212.36.228,BR
39,Lay,Eggleton,leggleton12@com.com,Male,127.29.9.45,FR
40,Gauthier,Isakovitch,gisakovitch13@reference.com,Male,190.101.83.208,RU
41,Shina,Rylstone,srylstone14@ted.com,Female,182.68.147.70,JP
42,Hedwiga,Foye,hfoye15@pbs.org,Female,170.143.128.240,CN
43,Dela,Battrum,dbattrum16@youtu.be,Female,83.12.189.0,RU
44,Garald,Chipman,gchipman17@bbc.co.uk,Male,3.130.122.67,ID
45,Galina,Coucher,gcoucher18@youku.com,Female,199.148.151.98,PH
46,Marya,Goney,mgoney19@fastcompany.com,Female,210.76.195.166,PH
47,Francyne,Audritt,faudritt1a@newsvine.com,Female,130.210.136.169,CN
48,Bobbye,Harries,bharries1b@blog.com,Female,143.246.81.56,CN
49,Hilliard,Eisikowitz,heisikowitz1c@ebay.com,Male,150.216.22.35,ID
50,Blondelle,Sokale,bsokale1d@noaa.gov,Female,174.83.103.119,PT
51,Niki,Maltby,nmaltby1e@taobao.com,Male,255.29.215.87,PT
52,Augustin,Nern,anern1f@google.co.uk,Polygender,27.172.227.40,BR
53,Bartolemo,Kobu,bkobu1g@qq.com,Male,4.216.99.69,CN
54,Heddi,Plaistowe,hplaistowe1h@dmoz.org,Genderfluid,162.92.54.130,RU
55,Licha,Hemphill,lhemphill1i@free.fr,Female,190.45.10.161,MD
56,Nelie,Bingle,nbingle1j@ucoz.ru,Female,239.220.232.52,ID
57,Anstice,Corroyer,acorroyer1k@histats.com,Female,8.185.115.58,DE
58,Nichol,Stell,nstell1l@angelfire.com,Female,205.103.183.149,EC
59,Ardella,Pearcey,apearcey1m@cdbaby.com,Female,207.213.228.250,TH
60,Gilemette,Hyde-Chambers,ghydechambers1n@odnoklassniki.ru,Female,90.54.68.206,LV
61,Deni,Greenig,dgreenig1o@networksolutions.com,Female,211.235.136.182,CN
62,Patrick,Crippes,pcrippes1p@dropbox.com,Male,53.195.73.15,GT
63,Vania,Marfield,vmarfield1q@freewebs.com,Female,15.207.31.167,CN
64,Gilberto,Hollier,ghollier1r@arstechnica.com,Male,38.114.173.223,FR
65,Any,O'Sherin,aosherin1s@narod.ru,Bigender,115.152.201.145,SY
66,Yancey,Lievesley,ylievesley1t@princeton.edu,Male,218.137.96.158,CN
67,Ingmar,Scoggan,iscoggan1u@narod.ru,Male,3.240.210.125,BR
68,Justino,Whyteman,jwhyteman1v@soup.io,Male,132.59.254.220,AM
69,Wat,Seilmann,wseilmann1w@tuttocitta.it,Male,139.128.194.55,MN
70,Franny,Mehew,fmehew1x@intel.com,Male,40.228.44.60,LT
71,Barrie,Vasyushkhin,bvasyushkhin1y@ft.com,Female,89.163.125.225,PH
72,Donia,MacVanamy,dmacvanamy1z@harvard.edu,Female,241.233.149.252,BR
73,Ginny,Benardeau,gbenardeau20@oaic.gov.au,Female,222.8.247.137,SE
74,Catlin,Corro,ccorro21@blogs.com,Female,123.156.150.30,CN
75,Candice,Bernardinelli,cbernardinelli22@loc.gov,Female,238.55.102.114,MY
76,Marina,Walmsley,mwalmsley23@bbb.org,Female,28.187.155.219,CN
77,Langsdon,Buxcy,lbuxcy24@sakura.ne.jp,Male,147.66.68.249,ZA
78,Wallas,Sends,wsends25@scribd.com,Male,199.109.143.114,KM
79,Janaya,Mulholland,jmulholland26@rediff.com,Female,142.206.141.107,PT
80,Jilli,Titchmarsh,jtitchmarsh27@google.com.au,Genderfluid,177.175.152.225,AM
81,Yelena,Norker,ynorker28@phoca.cz,Female,79.213.228.229,TH
82,Colin,Beedon,cbeedon29@ebay.com,Male,40.137.40.101,CN
83,Jorie,Van der Velde,jvandervelde2a@dmoz.org,Female,133.9.187.99,PL
84,Ivar,Kobke,ikobke2b@netvibes.com,Male,229.246.47.131,PT
85,Rodolphe,Minelli,rminelli2c@guardian.co.uk,Male,80.163.99.174,US
86,Coretta,Fownes,cfownes2d@icq.com,Female,199.11.249.149,GN
87,Toddy,Gillbe,tgillbe2e@mapy.cz,Male,27.215.36.54,US
88,Fianna,Gonthard,fgonthard2f@myspace.com,Genderfluid,23.160.214.22,ID
89,Garold,Melhuish,gmelhuish2g@nbcnews.com,Male,248.142.113.214,PT
90,Katinka,Acutt,kacutt2h@google.es,Female,191.142.67.32,PL
91,Abby,Hincks,ahincks2i@house.gov,Female,15.116.17.148,BD
92,Zahara,Batterbee,zbatterbee2j@last.fm,Female,201.33.184.138,CN
93,Inez,Matous,imatous2k@linkedin.com,Female,150.12.48.226,AR
94,Harland,Tourne,htourne2l@columbia.edu,Male,16.141.69.177,PT
95,Cedric,Dawidsohn,cdawidsohn2m@apache.org,Male,158.28.55.168,BJ
96,Townie,Storah,tstorah2n@a8.net,Male,76.70.48.236,SE
97,Munmro,Jeeves,mjeeves2o@sitemeter.com,Male,28.128.165.42,TH
98,Lorrie,Gershom,lgershom2p@virginia.edu,Polygender,42.6.21.160,CN
99,Bobina,Tembey,btembey2q@jalbum.net,Female,105.28.126.69,GP
100,Kippie,Gude,kgude2r@ucsd.edu,Female,203.117.44.158,LB
101,Mord,Punt,mpunt2s@dedecms.com,Male,143.44.53.186,SY
102,Staford,Meaders,smeaders2t@ameblo.jp,Genderfluid,117.217.21.232,PH
103,Tommi,Daniellot,tdaniellot2u@quantcast.com,Female,184.132.31.71,KP
104,Bale,Syred,bsyred2v@bbc.co.uk,Male,46.74.75.14,US
105,Abie,Meneo,ameneo2w@opensource.org,Male,185.78.125.175,FR
106,Olimpia,Gellan,ogellan2x@delicious.com,Genderqueer,60.215.129.95,IR
107,Duky,Keynd,dkeynd2y@com.com,Male,226.8.115.193,GR
108,Nicolette,Gaynsford,ngaynsford2z@cbsnews.com,Female,124.218.176.70,FR
109,Tansy,Clewes,tclewes30@imdb.com,Female,165.37.196.26,CL
110,Gaven,Finch,gfinch31@wikimedia.org,Male,161.81.195.169,RU
111,Stacy,Semiraz,ssemiraz32@nsw.gov.au,Male,71.109.123.182,NG
112,Codie,Lambertazzi,clambertazzi33@ftc.gov,Male,212.50.36.250,KH
113,Berti,Putten,bputten34@prlog.org,Female,150.88.46.206,BR
114,Valerye,Berzons,vberzons35@berkeley.edu,Female,50.247.189.53,CN
115,Renaud,Hews,rhews36@1und1.de,Male,71.110.159.192,US
116,Johna,Androsik,jandrosik37@washingtonpost.com,Female,132.70.93.106,JP
117,Flori,Guiduzzi,fguiduzzi38@imdb.com,Female,92.68.217.176,CN
118,Alix,Dewett,adewett39@biglobe.ne.jp,Male,0.28.35.223,ES
119,Harold,Elwyn,helwyn3a@unc.edu,Male,41.148.161.26,FR
120,Farah,Ronald,fronald3b@cdbaby.com,Genderqueer,169.55.105.79,PH
121,Jeffy,Lensch,jlensch3c@theatlantic.com,Male,137.159.156.85,ID
122,Kaile,Adshede,kadshede3d@ycombinator.com,Female,58.149.205.94,PH
123,Pauline,Izacenko,pizacenko3e@scientificamerican.com,Female,212.178.34.80,VN
124,Benson,Leverage,bleverage3f@wix.com,Male,167.45.251.14,ID
125,Maurizia,Mylchreest,mmylchreest3g@sourceforge.net,Female,174.183.28.17,CN
126,Inna,Mityushin,imityushin3h@reference.com,Female,202.126.17.231,VN
127,Angelita,Heinschke,aheinschke3i@com.com,Female,175.50.22.74,ID
128,Adair,Alabaster,aalabaster3j@msu.edu,Male,94.253.74.147,AR
129,Melissa,Easum,measum3k@sitemeter.com,Female,67.104.123.12,CN
130,Ange,Dutch,adutch3l@example.com,Female,96.222.140.56,AM
131,Alister,Shepcutt,ashepcutt3m@theatlantic.com,Male,102.43.213.104,RU
132,Peirce,Nelthropp,pnelthropp3n@sourceforge.net,Male,97.85.123.34,ID
133,Gypsy,Dulwich,gdulwich3o@newsvine.com,Female,130.114.155.242,ID
134,Otho,Jencey,ojencey3p@shop-pro.jp,Male,21.245.215.204,BJ
135,Cece,Seneschal,cseneschal3q@goo.gl,Male,120.118.73.235,EE
136,Mikey,Sebyer,msebyer3r@paypal.com,Male,33.184.60.232,BD
137,Anallise,Bruinsma,abruinsma3s@gmpg.org,Female,251.165.25.95,CN
138,Maxy,Grisley,mgrisley3t@prlog.org,Female,23.27.96.170,CZ
139,Nancie,Whether,nwhether3u@census.gov,Female,133.129.166.196,ZA
140,Concordia,Menguy,cmenguy3v@ocn.ne.jp,Female,62.1.226.85,IE
141,Meredeth,Caveill,mcaveill3w@paypal.com,Male,226.197.9.41,DO
142,Cris,Lazenbury,clazenbury3x@mlb.com,Male,85.224.119.16,BR
143,Niel,Bensen,nbensen3y@webs.com,Male,94.10.96.47,MK
144,Dwain,Mangenot,dmangenot3z@nymag.com,Male,101.138.15.32,UZ
145,Ozzie,McCard,omccard40@homestead.com,Male,23.222.173.182,IE
146,Gertruda,Doogood,gdoogood41@github.com,Female,79.160.217.168,PH
147,Clem,Ruppeli,cruppeli42@jalbum.net,Female,184.212.152.21,EC
148,Ermin,Vyvyan,evyvyan43@quantcast.com,Non-binary,102.62.77.90,PH
149,Ned,Stiff,nstiff44@yellowpages.com,Male,117.120.196.131,MX
150,Tate,Colgan,tcolgan45@twitter.com,Male,83.14.92.65,CU
151,Colleen,Hexum,chexum46@csmonitor.com,Genderfluid,110.143.129.72,GR
152,Cordula,Franses,cfranses47@ameblo.jp,Female,108.206.249.181,TN
153,Shayne,Bracci,sbracci48@meetup.com,Male,215.15.2.152,EG
154,Ephrayim,Reggler,ereggler49@indiatimes.com,Male,115.173.230.156,US
155,Kelci,Alliban,kalliban4a@umn.edu,Female,239.183.89.140,CN
156,Peter,Vignal,pvignal4b@alibaba.com,Male,146.84.98.235,MX
157,Virgil,Ashdown,vashdown4c@wisc.edu,Male,64.231.52.1,BR
158,Vic,Logg,vlogg4d@hc360.com,Male,0.88.116.75,ID
159,Gardie,Galloway,ggalloway4e@sakura.ne.jp,Male,217.253.95.197,GM
160,Chrisse,Trail,ctrail4f@webs.com,Male,44.94.166.158,DO
161,Hale,Pitceathly,hpitceathly4g@mozilla.org,Male,77.78.77.251,AR
162,Lanie,Plaskett,lplaskett4h@foxnews.com,Female,162.134.211.193,CN
163,Rowland,Moye,rmoye4i@forbes.com,Male,114.45.36.169,GR
164,Jard,Brosh,jbrosh4j@walmart.com,Male,73.226.86.22,BR
165,Gallard,Morrice,gmorrice4k@naver.com,Male,141.102.19.111,NL
166,Dorolisa,Bainbrigge,dbainbrigge4l@example.com,Female,130.222.94.190,VN
167,Wilone,Lias,wlias4m@infoseek.co.jp,Female,10.207.25.252,KZ
168,Dotti,Hellyer,dhellyer4n@mtv.com,Female,121.46.148.116,ID
169,Darb,Wrenn,dwrenn4o@ted.com,Bigender,255.177.182.212,CZ
170,Daniel,Dowden,ddowden4p@over-blog.com,Non-binary,227.194.51.22,PH
171,Jillana,Hatzar,jhatzar4q@ycombinator.com,Female,73.160.9.230,CN
172,Niccolo,Ferriere,nferriere4r@businessweek.com,Male,30.81.48.120,UA
173,Dallas,Behninck,dbehninck4s@sakura.ne.jp,Male,107.54.101.210,ID
174,Pet,Reading,preading4t@hostgator.com,Female,218.129.72.25,PT
175,Mariele,Shenton,mshenton4u@sourceforge.net,Female,67.206.25.111,ID
176,Ninnetta,Pevsner,npevsner4v@com.com,Female,129.155.246.201,US
177,Anselm,Coate,acoate4w@i2i.jp,Male,230.227.120.174,CZ
178,Pepillo,Ravilus,pravilus4x@squarespace.com,Male,98.232.178.225,GR
179,Maighdiln,Jeffcoat,mjeffcoat4y@boston.com,Female,216.151.166.55,JP
180,Zebedee,Engledow,zengledow4z@t.co,Male,37.63.128.131,SE
181,Brendin,Danilovic,bdanilovic50@ycombinator.com,Male,122.118.34.90,PK
182,Aube,Purdom,apurdom51@sciencedaily.com,Male,236.124.183.77,CN
183,Kaine,Gummery,kgummery52@umn.edu,Male,76.90.102.241,ID
184,Randi,Peggs,rpeggs53@constantcontact.com,Polygender,68.219.90.219,CN
185,Dalis,Gates,dgates54@google.ru,Male,243.56.179.87,RS
186,Laurice,Wastie,lwastie55@chicagotribune.com,Female,148.66.225.65,BR
187,Milli,Levings,mlevings56@globo.com,Female,109.252.126.95,SY
188,Trenna,Keasy,tkeasy57@wordpress.org,Female,214.65.246.167,PH
189,Sunny,Bloy,sbloy58@about.me,Female,133.128.161.158,CN
190,Shelley,Merrin,smerrin59@instagram.com,Male,94.130.86.154,CN
191,Jillane,Iremonger,jiremonger5a@devhub.com,Female,211.65.23.120,BR
192,Alvan,Oag,aoag5b@joomla.org,Male,25.113.176.86,PH
193,Catherina,Cobbledick,ccobbledick5c@tinypic.com,Female,133.57.125.181,CN
194,Octavius,Souten,osouten5d@123-reg.co.uk,Male,241.73.13.138,ID
195,Athena,Stive,astive5e@state.gov,Female,43.100.207.227,PE
196,Ariel,Alman,aalman5f@joomla.org,Male,103.233.76.220,RU
197,Christine,Branson,cbranson5g@bloomberg.com,Female,254.192.168.2,TW
198,Norbert,Slee,nslee5h@patch.com,Male,99.21.179.189,SE
199,Benton,Greatreax,bgreatreax5i@infoseek.co.jp,Male,185.115.168.228,FI
200,Gustave,Croydon,gcroydon5j@va.gov,Male,150.176.97.35,PE
201,Courtney,Bonham,cbonham5k@i2i.jp,Male,134.6.117.218,GE
202,Stephana,O'Mailey,somailey5l@hhs.gov,Female,170.248.62.243,RU
203,Jessey,Barkly,jbarkly5m@php.net,Male,245.216.15.1,CA
204,Armstrong,Thow,athow5n@nhs.uk,Male,55.33.108.30,ID
205,Phaedra,Crosen,pcrosen5o@printfriendly.com,Female,198.56.232.230,GR
206,Frederick,Caccavella,fcaccavella5p@independent.co.uk,Male,127.17.9.35,CN
207,Gale,Creavan,gcreavan5q@homestead.com,Female,104.13.98.211,NG
208,Britni,Kevane,bkevane5r@oaic.gov.au,Female,146.92.170.25,AR
209,Jilli,Ranscome,jranscome5s@noaa.gov,Female,47.34.95.31,CN
210,Gusella,Bothbie,gbothbie5t@ucla.edu,Female,111.171.131.22,CN
211,Glad,Hewins,ghewins5u@google.co.jp,Female,30.5.255.242,PH
212,Pavel,Sautter,psautter5v@toplist.cz,Male,204.51.122.164,HR
213,Audie,Conningham,aconningham5w@deliciousdays.com,Female,17.191.125.25,ID
214,Devland,MacElroy,dmacelroy5x@ifeng.com,Male,237.64.7.6,CN
215,Antonetta,Lindeman,alindeman5y@icio.us,Female,93.112.111.51,JP
216,Euphemia,Buttriss,ebuttriss5z@1und1.de,Female,108.212.32.159,BD
217,Domingo,McDuall,dmcduall60@webnode.com,Male,218.152.218.201,ID
218,Nixie,Briance,nbriance61@ning.com,Female,231.228.174.3,AL
219,Heather,Mouget,hmouget62@nih.gov,Female,215.175.111.249,CN
220,Hogan,Chelnam,hchelnam63@comsenz.com,Non-binary,10.88.91.100,SI
221,Bucky,Cannop,bcannop64@usatoday.com,Male,111.113.22.44,CO
222,Timmie,Juniper,tjuniper65@hugedomains.com,Female,175.65.158.59,SE
223,Norbie,Dugmore,ndugmore66@ifeng.com,Male,67.181.185.80,BR
224,Clovis,Ivamy,civamy67@ca.gov,Female,191.248.68.209,KR
225,Ignatius,Tuxwell,ituxwell68@sina.com.cn,Male,218.90.222.186,IR
226,Winna,Mundell,wmundell69@sohu.com,Female,181.44.197.235,TH
227,Brigham,Pettersen,bpettersen6a@studiopress.com,Male,117.221.252.195,PH
228,Quinta,Pannett,qpannett6b@shop-pro.jp,Bigender,203.24.14.81,BR
229,Anthia,Whiten,awhiten6c@mayoclinic.com,Female,167.66.203.176,JP
230,Bree,Menichelli,bmenichelli6d@prweb.com,Female,137.174.169.92,CN
231,Karola,Wagstaffe,kwagstaffe6e@usda.gov,Female,243.243.148.56,BG
232,Cullen,Arunowicz,carunowicz6f@myspace.com,Male,185.48.71.157,LY
233,Imojean,Couch,icouch6g@moonfruit.com,Female,227.100.8.13,GR
234,Kessiah,MacBey,kmacbey6h@redcross.org,Female,143.249.173.189,WS
235,Robbyn,Torrie,rtorrie6i@comcast.net,Female,203.216.76.135,GR
236,Natka,Baszniak,nbaszniak6j@cyberchimps.com,Female,194.154.175.41,PT
237,Netti,Campling,ncampling6k@edublogs.org,Female,253.137.135.104,RU
238,Tally,Plaice,tplaice6l@fotki.com,Male,225.5.121.158,CN
239,Pascal,Kirkbright,pkirkbright6m@columbia.edu,Male,221.195.212.18,SE
240,Kristoffer,Fiddymont,kfiddymont6n@flickr.com,Male,130.238.28.170,CN
241,Marice,Grishin,mgrishin6o@fema.gov,Female,234.35.228.220,BR
242,Ian,Crowest,icrowest6p@howstuffworks.com,Male,1.166.191.31,BY
243,Corly,Carslake,ccarslake6q@archive.org,Female,130.19.220.203,BR
244,Oliviero,Stean,ostean6r@techcrunch.com,Male,110.54.72.158,HR
245,Cyb,Jimson,cjimson6s@shareasale.com,Female,31.235.151.253,TH
246,Raffaello,Howitt,rhowitt6t@miibeian.gov.cn,Male,61.198.29.59,FR
247,Mylo,Aronson,maronson6u@symantec.com,Male,103.186.80.178,CN
248,Obadiah,Rylance,orylance6v@mashable.com,Male,145.226.133.220,FR
249,Viv,Redfearn,vredfearn6w@ifeng.com,Female,122.75.247.29,CU
250,Mathias,Aishford,maishford6x@usa.gov,Male,133.115.23.231,ID
251,Tracie,Raraty,traraty6y@yahoo.co.jp,Male,60.142.244.217,CN
252,Rollins,Perrigo,rperrigo6z@yolasite.com,Male,121.51.205.245,CO
253,Saul,Maroney,smaroney70@yelp.com,Male,56.202.155.164,CN
254,Odilia,Maidens,omaidens71@addtoany.com,Female,225.11.3.105,GE
255,Mac,Tuxsell,mtuxsell72@chronoengine.com,Agender,181.197.53.212,NL
256,Dagny,Ruler,druler73@mysql.com,Male,140.176.20.46,MX
257,Matt,Witherdon,mwitherdon74@ebay.co.uk,Male,0.165.82.147,CN
258,Myles,Cockton,mcockton75@hc360.com,Male,56.54.189.239,PL
259,Robinette,Jonah,rjonah76@netlog.com,Female,138.181.72.196,PT
260,Dotty,Cadwell,dcadwell77@stumbleupon.com,Female,118.115.25.92,GR
261,Derby,Bigham,dbigham78@trellian.com,Male,244.229.250.239,UG
262,Rolland,Cullon,rcullon79@cnet.com,Male,159.37.9.35,US
263,Ade,Southwick,asouthwick7a@google.com.au,Male,17.0.41.123,BR
264,Tymon,Bowland,tbowland7b@pinterest.com,Male,142.187.11.57,CN
265,Emlen,Richards,erichards7c@mapy.cz,Male,44.153.212.7,PL
266,Rozalin,Tregenna,rtregenna7d@w3.org,Female,40.82.69.39,CA
267,Rolf,Eastcott,reastcott7e@addthis.com,Male,216.75.122.244,MA
268,Delmer,Poulsum,dpoulsum7f@imgur.com,Male,196.38.144.136,MY
269,Sidoney,Kyttor,skyttor7g@mashable.com,Female,72.134.169.94,UA
270,Antoine,Batsford,abatsford7h@hugedomains.com,Non-binary,232.32.154.178,KR
271,Dell,Lindner,dlindner7i@comcast.net,Genderfluid,5.216.184.173,CN
272,Jodie,O'Murtagh,jomurtagh7j@eepurl.com,Male,56.220.223.106,FR
273,Marji,Weymont,mweymont7k@foxnews.com,Female,188.120.20.153,BR
274,West,Petrik,wpetrik7l@printfriendly.com,Male,103.10.30.97,FI
275,Gaven,Scawn,gscawn7m@si.edu,Male,127.106.236.213,CN
276,Biddy,Shire,bshire7n@google.co.jp,Female,229.229.121.136,MN
277,Clotilda,Mansion,cmansion7o@ycombinator.com,Agender,11.196.186.158,CN
278,Addi,Joffe,ajoffe7p@qq.com,Bigender,157.41.227.126,BR
279,Wynny,Caesmans,wcaesmans7q@wp.com,Female,124.45.81.196,CN
280,Rasla,Raiker,rraiker7r@smugmug.com,Female,115.32.11.181,CN
281,Barbette,Moreno,bmoreno7s@google.fr,Female,4.249.71.190,CN
282,Talia,Vanacci,tvanacci7t@cocolog-nifty.com,Female,131.213.251.1,SE
283,Gennifer,Pettko,gpettko7u@free.fr,Female,111.55.228.49,SE
284,Dalis,Nassi,dnassi7v@imageshack.us,Polygender,109.156.21.162,CN
285,Rosanne,Wilacot,rwilacot7w@barnesandnoble.com,Female,158.53.88.219,SE
286,Adrian,Strafen,astrafen7x@wikispaces.com,Female,48.30.10.250,ZA
287,Thatcher,Creelman,tcreelman7y@soup.io,Male,170.39.83.166,JP
288,Farah,McKeown,fmckeown7z@house.gov,Female,120.91.215.112,ID
289,Elladine,Winterbottom,ewinterbottom80@irs.gov,Female,69.7.52.16,ID
290,Val,Stockoe,vstockoe81@linkedin.com,Male,58.224.5.107,SE
291,Celie,Cristofvao,ccristofvao82@tmall.com,Female,76.235.164.211,BR
292,Urbano,Perroni,uperroni83@chronoengine.com,Male,63.185.167.21,SE
293,Hermina,Bahike,hbahike84@skyrock.com,Female,0.160.213.66,BR
294,Margarette,O'Teague,moteague85@tuttocitta.it,Female,46.174.251.219,BR
295,Skyler,Wingeatt,swingeatt86@jimdo.com,Male,54.71.219.193,CN
296,Issi,Fayer,ifayer87@facebook.com,Female,98.174.144.94,JP
297,Marinna,Switzer,mswitzer88@weibo.com,Genderfluid,196.178.35.10,CN
298,Eli,Pischoff,epischoff89@bbc.co.uk,Male,133.114.97.8,ID
299,Robyn,Bettington,rbettington8a@eepurl.com,Female,47.3.225.78,TN
300,Dionysus,MacGregor,dmacgregor8b@geocities.com,Male,169.70.154.102,BT
301,Thebault,Galea,tgalea8c@google.nl,Male,162.126.203.100,ID
302,Dianemarie,Ebertz,debertz8d@state.tx.us,Female,255.132.254.218,PH
303,Hillary,felip,hfelip8e@qq.com,Male,137.193.76.50,SE
304,Rodolphe,Hurdis,rhurdis8f@cocolog-nifty.com,Male,5.241.47.150,FR
305,Ralf,Jutson,rjutson8g@soundcloud.com,Male,163.25.245.21,PL
306,Delmar,Gorman,dgorman8h@timesonline.co.uk,Male,143.130.11.203,TH
307,Karla,Woodbridge,kwoodbridge8i@ed.gov,Female,188.133.106.215,CN
308,Dion,Ullock,dullock8j@bandcamp.com,Male,211.62.194.15,CN
309,Curcio,Dran,cdran8k@clickbank.net,Male,196.38.21.187,GR
310,Hal,Greenleaf,hgreenleaf8l@businessinsider.com,Male,111.142.88.88,BR
311,Shalne,Taggerty,staggerty8m@biglobe.ne.jp,Female,181.198.16.211,CZ
312,Marci,Whitesel,mwhitesel8n@tumblr.com,Female,76.217.45.252,CN
313,Susana,Allcoat,sallcoat8o@si.edu,Female,188.69.200.106,UG
314,Marylinda,Cottesford,mcottesford8p@weather.com,Female,62.94.142.27,PH
315,Gianina,Glenwright,gglenwright8q@nydailynews.com,Female,205.103.28.147,PH
316,Nerte,Ege,nege8r@nsw.gov.au,Polygender,54.114.234.182,RU
317,Troy,McGoogan,tmcgoogan8s@amazonaws.com,Male,167.0.225.32,DK
318,Alis,Daton,adaton8t@flavors.me,Female,147.77.237.232,FR
319,Gretal,Dockrey,gdockrey8u@cbc.ca,Genderqueer,224.93.59.202,IE
320,Rozelle,Wykey,rwykey8v@cnbc.com,Female,252.93.47.169,RU
321,Giff,Wragge,gwragge8w@redcross.org,Male,64.161.241.155,ID
322,Dennie,Jessen,djessen8x@loc.gov,Male,70.7.29.2,NO
323,Raff,Wildt,rwildt8y@phoca.cz,Male,234.138.101.239,PE
324,Hewe,Parsall,hparsall8z@goo.ne.jp,Male,192.180.220.240,CN
325,Gail,Offill,goffill90@timesonline.co.uk,Female,215.240.108.158,HR
326,Wait,Budgen,wbudgen91@examiner.com,Male,164.109.209.187,ID
327,Barby,Behrend,bbehrend92@gnu.org,Female,65.119.102.56,CN
328,Georgeanne,Arr,garr93@goo.gl,Female,176.122.74.171,CN
329,Hilde,Bodill,hbodill94@dot.gov,Female,70.71.233.5,CN
330,Celestyna,Peoples,cpeoples95@tumblr.com,Female,199.148.209.179,ID
331,Hannie,Tee,htee96@w3.org,Female,55.90.115.172,FR
332,Jenna,McKyrrelly,jmckyrrelly97@statcounter.com,Female,227.181.39.244,PE
333,Eldon,Greiswood,egreiswood98@ucla.edu,Male,219.161.199.214,AR
334,Raul,Cavalier,rcavalier99@google.com,Male,1.173.142.68,BR
335,Skippie,Bakes,sbakes9a@163.com,Male,57.54.106.216,CN
336,Erny,Dumbare,edumbare9b@sfgate.com,Male,127.226.255.211,PL
337,Edd,Wainscoat,ewainscoat9c@jugem.jp,Male,184.174.18.2,US
338,Prudy,Tulleth,ptulleth9d@feedburner.com,Female,187.12.67.75,ID
339,Timotheus,Levane,tlevane9e@army.mil,Male,67.99.70.32,PL
340,Tristam,Troubridge,ttroubridge9f@chicagotribune.com,Male,236.73.57.154,ID
341,Carlyle,Turford,cturford9g@uol.com.br,Male,237.138.162.229,BY
342,Holli,Sparham,hsparham9h@salon.com,Female,113.223.148.100,SH
343,Vinny,Autry,vautry9i@disqus.com,Female,58.222.119.220,ID
344,Doug,Scullion,dscullion9j@google.com.hk,Male,225.187.93.66,AR
345,Kali,Mattaus,kmattaus9k@wikia.com,Female,42.186.231.34,CN
346,Kenn,Oxburgh,koxburgh9l@fema.gov,Male,92.174.135.225,TH
347,Chaunce,O'Hartnedy,cohartnedy9m@bizjournals.com,Male,191.48.146.32,ID
348,Rodie,Parmeter,rparmeter9n@eventbrite.com,Female,198.223.38.124,RU
349,Clarita,Yeude,cyeude9o@dyndns.org,Agender,140.243.217.108,BR
350,Daniel,Lippiello,dlippiello9p@sciencedaily.com,Male,11.70.141.226,NG
351,Devlen,Czajkowska,dczajkowska9q@elpais.com,Genderqueer,122.39.77.192,NG
352,Giusto,Drummond,gdrummond9r@usatoday.com,Male,37.95.187.249,DE
353,Barret,Londesborough,blondesborough9s@dailymail.co.uk,Male,109.25.58.157,PL
354,Caitrin,Duding,cduding9t@hibu.com,Bigender,34.245.24.95,BR
355,Beck,Wherry,bwherry9u@pinterest.com,Genderfluid,209.190.208.48,RU
356,Clarke,Beslier,cbeslier9v@bloomberg.com,Male,119.191.5.58,CO
357,Melita,Tilburn,mtilburn9w@vimeo.com,Female,17.65.83.77,CZ
358,Ted,Carrel,tcarrel9x@cloudflare.com,Female,163.25.204.240,BR
359,Finley,Copley,fcopley9y@soup.io,Polygender,124.166.224.44,HR
360,Karisa,Lambertazzi,klambertazzi9z@about.com,Agender,129.27.135.125,SE
361,Helli,Tallet,htalleta0@buzzfeed.com,Female,252.152.176.244,ID
362,Conchita,Chilver,cchilvera1@opera.com,Female,175.13.115.76,JP
363,Kale,Horney,khorneya2@noaa.gov,Male,143.176.127.169,PH
364,Ashly,Hunnicutt,ahunnicutta3@yandex.ru,Female,198.217.196.52,CR
365,Dyana,McArthur,dmcarthura4@google.com.au,Female,55.22.199.43,RU
366,Sarene,Leech,sleecha5@domainmarket.com,Female,103.29.219.88,CN
367,Jan,Hughes,jhughesa6@parallels.com,Female,76.209.38.35,NG
368,Langsdon,Turgoose,lturgoosea7@mlb.com,Male,21.179.1.198,US
369,Lindsay,Piggens,lpiggensa8@miitbeian.gov.cn,Male,220.82.33.100,SE
370,Scotti,Bullar,sbullara9@techcrunch.com,Male,169.152.35.6,NZ
371,Cleavland,Pye,cpyeaa@aboutads.info,Male,85.241.201.49,IR
372,Deana,Pidler,dpidlerab@businesswire.com,Female,72.40.162.151,UZ
373,Juliana,Ivell,jivellac@storify.com,Female,10.147.17.137,CN
374,Indira,Allred,iallredad@biglobe.ne.jp,Non-binary,142.9.71.122,NE
375,Elisha,Toulamain,etoulamainae@nydailynews.com,Male,56.195.166.195,PH
376,Ezequiel,Macci,emacciaf@ca.gov,Male,145.93.62.120,CN
377,Chet,Birdwhistle,cbirdwhistleag@dyndns.org,Male,115.140.6.84,CN
378,Catherine,Shippard,cshippardah@ucla.edu,Female,8.68.68.213,BR
379,Abbey,Lefort,alefortai@blogtalkradio.com,Female,174.89.181.233,SY
380,Hedvige,McAlister,hmcalisteraj@yale.edu,Female,148.74.171.134,PH
381,Abbye,Edmans,aedmansak@forbes.com,Non-binary,253.12.59.89,PH
382,Elroy,Wallworth,ewallworthal@mediafire.com,Male,7.213.106.54,RU
383,Moll,Jacobsz,mjacobszam@sourceforge.net,Female,91.23.125.55,ID
384,Deborah,Bruggen,dbruggenan@npr.org,Female,44.79.144.181,IR
385,Tybie,Sauven,tsauvenao@wufoo.com,Female,206.133.17.15,BR
386,Carita,Ayscough,cayscoughap@bravesites.com,Female,245.169.240.154,CN
387,Jedidiah,Feaver,jfeaveraq@bandcamp.com,Male,52.20.128.167,FR
388,Engelbert,Pringell,epringellar@privacy.gov.au,Male,180.38.173.126,AR
389,Ardeen,Schole,ascholeas@thetimes.co.uk,Female,234.148.159.53,FR
390,Evangelin,Petracek,epetracekat@pbs.org,Female,38.15.245.207,CN
391,Marsh,McCleverty,mmcclevertyau@theglobeandmail.com,Male,222.46.94.213,CN
392,Janifer,Pawden,jpawdenav@yahoo.co.jp,Female,34.213.72.101,CN
393,Xever,Tremaine,xtremaineaw@stumbleupon.com,Genderfluid,245.127.181.17,AR
394,Robinet,Plaskitt,rplaskittax@cnbc.com,Male,165.14.58.173,SE
395,Marget,Culross,mculrossay@techcrunch.com,Female,178.132.43.180,BY
396,Ailina,Claw,aclawaz@patch.com,Female,49.6.95.78,CN
397,Mindy,Mutimer,mmutimerb0@godaddy.com,Female,101.77.163.15,AR
398,Sofia,Urrey,surreyb1@addtoany.com,Female,29.45.170.90,PH
399,Birgitta,Janczak,bjanczakb2@creativecommons.org,Female,166.24.239.93,FR
400,Ambrosi,McCritchie,amccritchieb3@si.edu,Agender,201.152.99.108,AF
401,Roi,Burdge,rburdgeb4@nhs.uk,Male,204.173.49.1,CN
402,Adriane,Hodges,ahodgesb5@yandex.ru,Female,5.1.55.58,CN
403,Vivien,Bissatt,vbissattb6@blog.com,Female,153.34.64.228,ID
404,Alden,Hadingham,ahadinghamb7@ted.com,Male,54.174.151.190,AR
405,Pinchas,Laughtisse,plaughtisseb8@t.co,Male,191.244.245.109,US
406,Binky,Drinkale,bdrinkaleb9@addthis.com,Male,65.62.160.71,PL
407,Julienne,McNab,jmcnabba@livejournal.com,Female,52.186.18.199,SY
408,Chryste,Dunkley,cdunkleybb@infoseek.co.jp,Agender,19.240.160.28,GR
409,Byron,Hoy,bhoybc@sina.com.cn,Male,47.135.15.64,PT
410,Franciskus,Aujean,faujeanbd@washington.edu,Male,50.166.143.83,PH
411,Phillipp,Shrieves,pshrievesbe@cnet.com,Male,167.129.130.41,ID
412,Erinna,Silverthorn,esilverthornbf@clickbank.net,Female,226.25.55.37,NC
413,Lorilyn,Beat,lbeatbg@un.org,Female,166.173.94.154,JP
414,Evvie,Munt,emuntbh@so-net.ne.jp,Female,4.184.78.44,MA
415,Gregory,Battaille,gbattaillebi@ihg.com,Male,67.181.50.126,CN
416,Mirabella,Gobbet,mgobbetbj@blinklist.com,Female,52.44.208.38,BR
417,Izzy,Dingivan,idingivanbk@wikipedia.org,Male,112.127.176.118,BR
418,Dahlia,Sybe,dsybebl@apple.com,Female,115.45.2.247,FI
419,Nadine,Lighten,nlightenbm@reddit.com,Female,215.176.30.208,JP
420,Corilla,Cobleigh,ccobleighbn@yahoo.co.jp,Female,114.110.197.184,PH
421,Celestia,Bothie,cbothiebo@bluehost.com,Female,5.132.241.147,ID
422,Hinda,Strover,hstroverbp@bbb.org,Female,93.157.137.120,PH
423,Lisle,Ianinotti,lianinottibq@wordpress.org,Male,66.75.92.46,CN
424,Emalee,Chetwynd,echetwyndbr@163.com,Female,252.53.193.191,CN
425,Patric,Raynham,praynhambs@dailymail.co.uk,Male,212.89.139.205,JP
426,Kirby,Birkenhead,kbirkenheadbt@hexun.com,Female,129.112.85.146,SI
427,Roxana,Pitchers,rpitchersbu@nationalgeographic.com,Genderqueer,40.125.183.14,TH
428,Rori,Tynnan,rtynnanbv@vimeo.com,Female,158.63.197.197,PH
429,Griffith,Ouchterlony,gouchterlonybw@blinklist.com,Male,224.173.157.128,GR
430,Daile,Gosneye,dgosneyebx@oaic.gov.au,Female,210.95.88.93,CO
431,Tuesday,Bruyntjes,tbruyntjesby@homestead.com,Female,106.244.59.59,ID
432,Marylou,Kettles,mkettlesbz@bing.com,Female,58.95.75.11,PT
433,Jocelyne,Jorioz,jjoriozc0@ebay.co.uk,Female,160.52.237.43,JP
434,Redford,Leakner,rleaknerc1@sohu.com,Male,116.87.5.178,MY
435,Brittni,Wilds,bwildsc2@howstuffworks.com,Agender,164.196.246.201,CN
436,Shandeigh,Purkiss,spurkissc3@ucoz.com,Female,249.156.94.202,TH
437,Lynnette,Whitehorn,lwhitehornc4@prlog.org,Female,100.155.31.45,PL
438,Laurens,Giraudeau,lgiraudeauc5@4shared.com,Male,179.98.154.193,CO
439,Annabella,Nanninini,anannininic6@sfgate.com,Female,62.25.158.133,FR
440,Kit,Pope,kpopec7@yahoo.com,Female,109.247.154.52,TN
441,Aime,Ding,adingc8@simplemachines.org,Female,24.146.107.66,RU
442,Kelby,Rounsefull,krounsefullc9@tripod.com,Male,255.171.46.29,KG
443,Merline,Vasyunkin,mvasyunkinca@google.com.br,Female,142.17.166.138,PH
444,Norine,Hempel,nhempelcb@loc.gov,Female,228.75.159.123,US
445,Justin,Grasser,jgrassercc@wordpress.org,Male,103.166.239.93,CN
446,Roderic,Soots,rsootscd@squidoo.com,Male,125.3.185.251,VE
447,Titus,Donkersley,tdonkersleyce@state.gov,Male,43.35.185.215,VN
448,Daile,Downing,ddowningcf@shinystat.com,Female,254.142.194.178,ID
449,Silvio,Traice,straicecg@marketwatch.com,Male,101.23.39.223,EG
450,Walker,Portt,wporttch@phoca.cz,Male,45.179.154.19,PH
451,Olivie,McCloughen,omccloughenci@flickr.com,Genderfluid,105.17.41.18,CN
452,Friederike,Spours,fspourscj@w3.org,Female,194.86.207.2,CN
453,Antonie,Malden,amaldenck@ebay.co.uk,Bigender,31.29.186.154,PE
454,Bertie,Skellington,bskellingtoncl@liveinternet.ru,Female,82.194.128.118,CN
455,Maurene,Annott,mannottcm@google.nl,Female,119.225.240.6,ID
456,Bob,Ertelt,berteltcn@dell.com,Male,120.37.151.121,US
457,Rip,Wrightson,rwrightsonco@themeforest.net,Male,111.201.154.204,UG
458,Arlee,Wakefield,awakefieldcp@msn.com,Female,196.72.50.154,CN
459,Elisabetta,Stormes,estormescq@paginegialle.it,Female,117.179.248.255,CN
460,Burty,Iacomini,biacominicr@imgur.com,Male,112.73.187.125,ZA
461,Cherry,Norcock,cnorcockcs@ucla.edu,Female,31.139.240.220,RU
462,Lucia,Kryzhov,lkryzhovct@hexun.com,Female,17.154.8.106,PT
463,Mahalia,Wardlaw,mwardlawcu@apache.org,Female,62.133.48.175,ID
464,Thorstein,Swetland,tswetlandcv@dailymail.co.uk,Male,186.160.3.89,CN
465,Waylen,Staynes,wstaynescw@hugedomains.com,Male,251.64.94.41,IR
466,Corilla,Popland,cpoplandcx@drupal.org,Bigender,123.192.255.204,PE
467,Chloris,Mattei,cmatteicy@census.gov,Bigender,88.217.142.213,PT
468,Hershel,Paff,hpaffcz@netscape.com,Male,233.164.14.153,CO
469,Carlos,Spiaggia,cspiaggiad0@sitemeter.com,Male,161.251.78.36,CN
470,Jo-anne,Gaskell,jgaskelld1@nationalgeographic.com,Female,20.60.127.89,RU
471,Margot,de Marco,mdemarcod2@ycombinator.com,Female,172.145.120.82,ID
472,Inge,Tezure,itezured3@utexas.edu,Polygender,82.163.4.145,RU
473,Hillyer,Lyddy,hlyddyd4@dedecms.com,Male,71.206.120.28,MN
474,Kent,Winslow,kwinslowd5@digg.com,Male,109.170.11.153,PL
475,Lalo,Cabane,lcabaned6@feedburner.com,Male,211.177.93.179,BR
476,Pasquale,Shepland,psheplandd7@desdev.cn,Male,62.81.186.223,UA
477,Myriam,Caffery,mcafferyd8@photobucket.com,Genderfluid,32.103.92.153,PH
478,Genvieve,Elgy,gelgyd9@creativecommons.org,Female,4.209.223.89,GT
479,Nelli,Bryer,nbryerda@flickr.com,Female,139.85.76.212,PT
480,Rudd,Leicester,rleicesterdb@biglobe.ne.jp,Male,150.136.58.140,GR
481,Julius,Malshinger,jmalshingerdc@ox.ac.uk,Male,177.182.1.18,ID
482,Sammie,Spinello,sspinellodd@theglobeandmail.com,Male,140.159.75.122,ID
483,Angele,Noor,anoorde@zdnet.com,Female,229.98.96.185,CN
484,Gardiner,Albone,galbonedf@yelp.com,Male,208.158.52.100,UG
485,Mattias,Vlasenkov,mvlasenkovdg@t.co,Polygender,216.60.235.111,TH
486,Vern,Parradice,vparradicedh@google.cn,Male,138.117.133.74,FR
487,Amie,Huckle,ahuckledi@tripadvisor.com,Female,64.74.189.9,CN
488,Gav,Sloley,gsloleydj@cam.ac.uk,Male,156.17.95.164,ID
489,Dyna,Cowl,dcowldk@weather.com,Female,109.137.107.149,CA
490,Ivie,Damant,idamantdl@opensource.org,Female,60.115.169.213,BR
491,Clark,Truman,ctrumandm@eventbrite.com,Non-binary,113.185.30.99,JP
492,Kirsten,Crowson,kcrowsondn@mysql.com,Female,89.249.153.238,CN
493,Frederico,Phoebe,fphoebedo@timesonline.co.uk,Male,37.114.129.98,CZ
494,Marta,Hawk,mhawkdp@usgs.gov,Female,203.5.254.157,ID
495,Hilliard,Peery,hpeerydq@berkeley.edu,Male,216.192.111.73,MA
496,Florina,Boliver,fboliverdr@g.co,Female,228.202.57.52,PL
497,Elsa,Pieracci,epieraccids@dot.gov,Female,138.0.182.88,RU
498,Worthy,McTurk,wmcturkdt@angelfire.com,Male,224.157.118.238,RU
499,Burl,Tinsley,btinsleydu@phoca.cz,Male,123.65.124.246,SZ
500,Berky,Falvey,bfalveydv@slideshare.net,Male,51.183.154.78,UA
501,Letizia,Rhubottom,lrhubottomdw@si.edu,Non-binary,212.143.42.189,CN
502,Jerrold,Honywill,jhonywilldx@phoca.cz,Male,37.155.90.179,CN
503,Jonah,Agronski,jagronskidy@oracle.com,Male,95.102.199.48,DE
504,Sibyl,Barmadier,sbarmadierdz@shutterfly.com,Female,166.95.160.205,CN
505,Adella,Fosbraey,afosbraeye0@goo.ne.jp,Female,177.57.218.15,PL
506,Lind,Shevlan,lshevlane1@europa.eu,Female,79.211.50.14,VN
507,Oswell,Giraudel,ogiraudele2@naver.com,Male,212.167.248.221,XK
508,Lester,Sackett,lsackette3@technorati.com,Male,221.192.24.226,MM
509,Frasquito,Gerdes,fgerdese4@exblog.jp,Male,93.127.156.73,CO
510,Olivero,Satterfitt,osatterfitte5@statcounter.com,Male,214.146.116.255,YE
511,Bale,Fredson,bfredsone6@1688.com,Male,205.215.154.119,RU
512,Ameline,Camin,acamine7@fastcompany.com,Female,11.192.107.163,VN
513,Celene,Moyles,cmoylese8@bloomberg.com,Genderfluid,174.20.25.79,TZ
514,Lonny,Frenzel;,lfrenzele9@slideshare.net,Male,180.170.24.57,CN
515,Baxter,Retallick,bretallickea@skyrock.com,Bigender,36.164.240.252,US
516,Letty,Artharg,larthargeb@blogger.com,Female,18.250.56.155,ID
517,Kirk,Rudman,krudmanec@mlb.com,Non-binary,40.0.248.108,CN
518,Sigrid,Pellitt,spellitted@nymag.com,Female,179.81.205.98,US
519,Angus,Antonias,aantoniasee@slideshare.net,Male,195.94.77.227,LV
520,Thurstan,Wray,twrayef@oakley.com,Male,46.209.206.245,CD
521,Phyllis,Murphy,pmurphyeg@ustream.tv,Female,16.161.134.181,DE
522,Bernette,Hackworthy,bhackworthyeh@phpbb.com,Female,47.171.167.186,CN
523,Virgil,Piolli,vpiolliei@amazonaws.com,Male,167.244.154.95,PT
524,Sindee,Secret,ssecretej@vistaprint.com,Female,160.240.104.110,RU
525,Tabbie,Gurry,tgurryek@boston.com,Female,138.148.243.33,BR
526,Rianon,Olenichev,rolenichevel@sitemeter.com,Female,33.253.73.111,SY
527,Lydie,Blaycock,lblaycockem@ask.com,Female,170.158.146.18,US
528,Merrielle,Olerenshaw,molerenshawen@miitbeian.gov.cn,Female,130.134.10.114,NP
529,Gannie,Gymblett,ggymbletteo@discuz.net,Male,208.177.185.224,CN
530,Caritta,Akred,cakredep@yellowpages.com,Female,125.184.208.203,RS
531,Devan,Jane,djaneeq@dropbox.com,Female,2.137.107.67,JM
532,Timotheus,Wheatcroft,twheatcrofter@dailymail.co.uk,Male,101.13.197.159,FI
533,Olin,Ferronet,oferronetes@boston.com,Male,253.148.226.25,CN
534,Jocko,Dagon,jdagonet@ihg.com,Male,83.198.105.83,IR
535,Vernice,Rowlings,vrowlingseu@mayoclinic.com,Female,54.109.77.164,ID
536,Ruthy,MacNeish,rmacneishev@state.gov,Female,199.191.59.176,AO
537,Elsy,Ilyinski,eilyinskiew@geocities.com,Female,184.28.47.254,ID
538,Corena,Conboy,cconboyex@eepurl.com,Female,171.113.207.135,ID
539,Sophey,Campbell,scampbelley@reverbnation.com,Female,55.124.123.103,CN
540,Jorgan,Garling,jgarlingez@a8.net,Male,9.220.103.70,ID
541,Krishnah,Gutridge,kgutridgef0@sakura.ne.jp,Male,30.146.132.33,JP
542,Pyotr,Dymott,pdymottf1@vimeo.com,Male,239.170.14.45,CN
543,Oralie,Runnicles,orunniclesf2@dell.com,Female,56.27.158.219,RU
544,Emmeline,Callway,ecallwayf3@ifeng.com,Female,36.10.135.218,RU
545,Bethina,Crankshaw,bcrankshawf4@google.it,Polygender,143.71.236.117,ID
546,Carlee,McNicol,cmcnicolf5@msn.com,Female,128.117.165.173,CL
547,Si,Swayland,sswaylandf6@pen.io,Male,236.127.3.242,SY
548,Hamnet,Langstaff,hlangstafff7@deviantart.com,Genderfluid,134.254.147.110,CN
549,Petronilla,Victor,pvictorf8@rambler.ru,Female,137.11.113.238,ID
550,Clarie,Sydenham,csydenhamf9@vinaora.com,Female,69.173.172.235,CO
551,Frederico,Metzel,fmetzelfa@harvard.edu,Male,59.60.135.55,PE
552,Prinz,Warstall,pwarstallfb@newyorker.com,Male,134.190.220.90,ID
553,Aleksandr,Stevings,astevingsfc@friendfeed.com,Male,250.114.168.7,HT
554,Hayward,Cabral,hcabralfd@fastcompany.com,Male,95.254.208.118,PS
555,Steffie,Thoms,sthomsfe@hatena.ne.jp,Female,154.48.31.229,CO
556,Xymenes,Martinec,xmartinecff@g.co,Genderfluid,102.152.50.138,LT
557,Bartie,Fakes,bfakesfg@archive.org,Male,134.141.185.117,CN
558,Elonore,Birbeck,ebirbeckfh@ed.gov,Female,151.218.254.246,GR
559,Carlin,Klinck,cklinckfi@boston.com,Male,36.65.192.229,AF
560,Mellicent,MacAllan,mmacallanfj@nifty.com,Female,131.71.61.231,TH
561,Lorin,Hirthe,lhirthefk@netvibes.com,Genderfluid,105.125.37.66,GR
562,Bryan,MacMakin,bmacmakinfl@xinhuanet.com,Male,158.245.195.28,JO
563,Kippie,Wynrehame,kwynrehamefm@icq.com,Female,147.43.29.89,ID
564,Philly,Milne,pmilnefn@drupal.org,Female,203.193.107.21,PS
565,Philip,Callister,pcallisterfo@walmart.com,Non-binary,68.67.38.74,FR
566,Franky,Dillestone,fdillestonefp@blinklist.com,Female,230.192.39.0,HR
567,Stuart,Glassford,sglassfordfq@timesonline.co.uk,Male,99.188.119.179,PE
568,Gerry,Negal,gnegalfr@jugem.jp,Male,127.202.80.178,PL
569,Arnoldo,Melley,amelleyfs@alexa.com,Male,141.159.132.215,AM
570,Desi,Kemm,dkemmft@eventbrite.com,Male,240.252.176.59,FR
571,Annabela,Fiddler,afiddlerfu@bloomberg.com,Female,105.49.4.237,PH
572,Yard,Iuorio,yiuoriofv@ca.gov,Bigender,165.165.231.69,ID
573,Bo,Standish-Brooks,bstandishbrooksfw@sphinn.com,Male,200.203.202.57,SE
574,Brinna,Hatto,bhattofx@mysql.com,Polygender,102.102.0.35,UA
575,Cazzie,MacAless,cmacalessfy@answers.com,Male,118.63.228.80,CN
576,Harold,Leadstone,hleadstonefz@hexun.com,Agender,134.129.110.187,CN
577,Annabelle,Turbat,aturbatg0@hatena.ne.jp,Female,251.69.130.221,RU
578,Mortie,Skoate,mskoateg1@nytimes.com,Male,226.54.203.85,CN
579,Gunilla,Karpman,gkarpmang2@t-online.de,Female,233.180.144.140,PT
580,Ingaberg,Carnegie,icarnegieg3@europa.eu,Female,59.19.118.65,RU
581,Gaile,Habishaw,ghabishawg4@a8.net,Male,205.191.26.239,MX
582,Norma,Ovanesian,novanesiang5@ihg.com,Bigender,64.192.27.159,CN
583,Rikki,Thynne,rthynneg6@mediafire.com,Male,56.4.78.108,HN
584,Nanci,Jagoe,njagoeg7@reverbnation.com,Female,49.222.193.253,ID
585,Danyelle,Decreuze,ddecreuzeg8@wix.com,Female,54.194.172.107,RU
586,Marjorie,Sill,msillg9@zdnet.com,Female,62.165.164.222,AR
587,Travers,Mattedi,tmattediga@hugedomains.com,Male,55.165.10.240,PT
588,Robbyn,Topaz,rtopazgb@creativecommons.org,Female,231.33.39.93,KP
589,Warren,Risborough,wrisboroughgc@smugmug.com,Male,116.206.57.16,CN
590,Saundra,Wodham,swodhamgd@dedecms.com,Female,32.193.81.207,UA
591,Neron,Coundley,ncoundleyge@gmpg.org,Male,220.235.106.80,PL
592,Ophelie,Westphal,owestphalgf@trellian.com,Female,200.156.78.42,ID
593,Modestia,Guitte,mguittegg@unicef.org,Non-binary,178.84.235.36,SE
594,Torrin,Tonbye,ttonbyegh@moonfruit.com,Male,252.90.183.208,RU
595,Gui,Hoy,ghoygi@gmpg.org,Female,24.241.4.106,FR
596,Ban,O'Grada,bogradagj@umn.edu,Male,10.190.237.246,UA
597,Eran,Stranahan,estranahangk@blogs.com,Female,233.210.100.63,ID
598,Rickie,Sapsford,rsapsfordgl@smh.com.au,Male,17.201.112.175,PH
599,Davida,Columbine,dcolumbinegm@vimeo.com,Female,35.5.134.227,ID
600,Ali,Annand,aannandgn@exblog.jp,Female,79.68.30.93,ID
601,Lynnett,Ismay,lismaygo@psu.edu,Female,109.147.158.12,KR
602,Ingemar,Le Provest,ileprovestgp@360.cn,Male,107.17.206.187,VN
603,Kelcie,Lettington,klettingtongq@redcross.org,Female,82.42.212.255,CN
604,Marylou,Beckley,mbeckleygr@free.fr,Female,174.22.8.71,SE
605,Caresse,Martinyuk,cmartinyukgs@loc.gov,Female,54.13.30.45,CN
606,Druci,Sowerbutts,dsowerbuttsgt@printfriendly.com,Female,171.73.25.46,BG
607,Griffy,Ianetti,gianettigu@shinystat.com,Male,128.182.75.89,FR
608,Octavia,Mackrell,omackrellgv@cloudflare.com,Female,108.140.102.77,RU
609,Sherie,Ateggart,sateggartgw@twitter.com,Female,65.64.220.224,CO
610,Beverlee,Obeney,bobeneygx@wufoo.com,Female,248.14.0.38,BR
611,Filide,Maffioletti,fmaffiolettigy@feedburner.com,Female,240.119.43.227,CA
612,Joline,Hempel,jhempelgz@sourceforge.net,Female,69.96.120.191,CN
613,Ogdon,Raison,oraisonh0@uol.com.br,Male,54.188.81.88,RU
614,Mort,Topham,mtophamh1@discuz.net,Male,93.94.2.145,US
615,Rollie,Bartolic,rbartolich2@jalbum.net,Male,228.19.53.1,CN
616,Alisander,Hallowes,ahallowesh3@shareasale.com,Male,232.90.6.215,JP
617,Konstance,Ferry,kferryh4@hud.gov,Female,135.230.235.172,PE
618,Geraldine,Icom,gicomh5@blogs.com,Female,204.165.203.236,ID
619,Elfrieda,Breukelman,ebreukelmanh6@cbslocal.com,Agender,215.148.250.140,CN
620,Elwin,Torresi,etorresih7@dmoz.org,Male,188.71.115.190,NI
621,Myrwyn,Cashen,mcashenh8@statcounter.com,Male,22.72.27.80,CN
622,Patton,Wykes,pwykesh9@tamu.edu,Male,251.215.110.48,CN
623,Carlie,Inmett,cinmettha@tripadvisor.com,Male,92.212.102.168,PH
624,Harrie,Walbrook,hwalbrookhb@plala.or.jp,Female,208.151.169.255,US
625,Karita,Stonuary,kstonuaryhc@posterous.com,Female,178.163.55.221,ID
626,Aryn,Reddoch,areddochhd@alexa.com,Female,75.186.0.157,SE
627,Yvonne,Danelutti,ydaneluttihe@yale.edu,Female,49.176.241.18,CN
628,Bria,Pegram,bpegramhf@oakley.com,Non-binary,249.78.253.116,US
629,Ikey,Jeaycock,ijeaycockhg@soup.io,Male,33.10.151.127,PH
630,Had,Draycott,hdraycotthh@lulu.com,Male,12.227.218.120,GR
631,Tod,Halligan,thalliganhi@soup.io,Male,156.27.65.10,KR
632,Meggi,Dinnington,mdinningtonhj@jigsy.com,Female,145.144.199.85,VE
633,Rona,Matula,rmatulahk@wisc.edu,Female,210.181.137.6,RS
634,Dewitt,Denkin,ddenkinhl@gnu.org,Male,75.127.113.240,CN
635,Nap,Gunda,ngundahm@un.org,Male,53.241.18.180,ID
636,Sauncho,Lobell,slobellhn@cpanel.net,Male,65.214.152.123,EG
637,Ly,Tofanelli,ltofanelliho@mozilla.com,Male,227.12.157.85,RU
638,Roxanna,Beelby,rbeelbyhp@buzzfeed.com,Female,195.218.16.190,RU
639,Jeanelle,Hillaby,jhillabyhq@pinterest.com,Female,131.130.251.27,SE
640,Cleon,Barfford,cbarffordhr@i2i.jp,Male,223.101.135.32,CA
641,Carree,Howorth,choworthhs@arstechnica.com,Female,65.229.72.28,ML
642,Cornie,Ricson,cricsonht@google.de,Female,190.168.158.86,PE
643,Deane,Drever,ddreverhu@chronoengine.com,Female,162.87.105.94,PK
644,Ashil,Bass,abasshv@sbwire.com,Female,162.15.8.173,PT
645,Jena,Maha,jmahahw@biglobe.ne.jp,Female,251.35.223.195,BR
646,Benedikt,Tremberth,btremberthhx@blogger.com,Male,210.234.187.38,CN
647,Reuven,Barwell,rbarwellhy@marriott.com,Non-binary,147.231.223.28,TH
648,Maryanne,Leaton,mleatonhz@github.io,Female,224.80.23.52,US
649,Fredek,Larimer,flarimeri0@storify.com,Male,171.138.138.2,PH
650,Kerrin,Tunkin,ktunkini1@xing.com,Female,122.180.186.85,RU
651,Marwin,Eads,meadsi2@army.mil,Male,163.160.49.6,PS
652,Deb,Mallinar,dmallinari3@ebay.co.uk,Female,187.19.196.132,CU
653,Kat,Cordner,kcordneri4@usnews.com,Female,173.248.68.92,CN
654,Martina,Bissatt,mbissatti5@fda.gov,Female,10.69.46.131,CZ
655,Dareen,Padwick,dpadwicki6@columbia.edu,Female,151.4.205.198,ID
656,Merola,Emmott,memmotti7@google.com.hk,Female,57.121.177.154,PH
657,Lotta,O'Downe,lodownei8@google.com.br,Genderfluid,58.72.104.237,CN
658,Ulla,Alwell,ualwelli9@nifty.com,Female,157.47.202.12,PH
659,Lela,Strathearn,lstrathearnia@about.me,Female,47.10.206.60,CN
660,Wally,Pickvance,wpickvanceib@wsj.com,Male,251.114.231.128,PT
661,Annabela,Borthe,abortheic@so-net.ne.jp,Female,34.97.220.218,FR
662,Dinny,Matasov,dmatasovid@amazonaws.com,Female,204.187.232.56,CN
663,Karie,Pettyfar,kpettyfarie@jimdo.com,Female,215.37.101.118,IE
664,Gearalt,Thurnham,gthurnhamif@nps.gov,Male,24.254.125.107,PH
665,Padraig,Basezzi,pbasezziig@usnews.com,Male,108.206.77.175,BS
666,Chanda,Geydon,cgeydonih@businessweek.com,Female,92.176.176.17,CN
667,Marvin,Boles,mbolesii@1und1.de,Male,88.210.169.153,BA
668,Wang,Stoop,wstoopij@fotki.com,Polygender,255.13.103.75,CN
669,Violante,Conybear,vconybearik@msn.com,Female,166.66.82.47,KZ
670,Orsa,Stodhart,ostodhartil@boston.com,Female,146.104.41.138,CN
671,Alberto,McKirdy,amckirdyim@prweb.com,Male,7.170.84.4,PT
672,Alistair,Lanahan,alanahanin@wp.com,Male,167.229.46.97,CN
673,Den,Arnaldo,darnaldoio@netlog.com,Polygender,81.149.133.96,CN
674,Wade,Hansel,whanselip@vk.com,Male,242.147.75.57,PT
675,Bartholomew,Skitteral,bskitteraliq@ucsd.edu,Genderfluid,155.158.66.235,MX
676,Winfred,Weeden,wweedenir@intel.com,Male,63.83.198.181,CN
677,Arluene,Summerside,asummersideis@ovh.net,Female,114.221.50.35,RU
678,Essy,Breed,ebreedit@dailymail.co.uk,Female,124.14.245.167,PH
679,Tamar,Bernette,tbernetteiu@nature.com,Female,201.3.60.102,UG
680,Tiebold,Schreiner,tschreineriv@flavors.me,Male,227.106.57.189,CU
681,Desirae,Schultheiss,dschultheissiw@elpais.com,Female,211.123.104.69,ID
682,Ossie,Ledwich,oledwichix@japanpost.jp,Polygender,133.7.174.181,CN
683,Mureil,Whiteson,mwhitesoniy@seattletimes.com,Female,42.189.64.170,ID
684,Rosemonde,Buntin,rbuntiniz@vk.com,Female,54.126.3.228,BR
685,Trumaine,Braunston,tbraunstonj0@oracle.com,Male,84.85.1.248,RU
686,Emelita,Chatell,echatellj1@hud.gov,Female,164.83.155.83,CN
687,Florence,Heintze,fheintzej2@columbia.edu,Female,116.67.14.227,LU
688,Delcine,Chrichton,dchrichtonj3@example.com,Agender,42.42.15.173,CN
689,Emmott,Gout,egoutj4@yellowpages.com,Male,87.134.204.158,MX
690,Evangelina,Battle,ebattlej5@php.net,Female,37.142.116.189,PY
691,Polly,Moyne,pmoynej6@miibeian.gov.cn,Female,72.111.147.177,CN
692,Martyn,Fonte,mfontej7@uol.com.br,Male,17.168.70.236,ID
693,Hailey,Dedham,hdedhamj8@multiply.com,Non-binary,10.37.137.221,BR
694,Yul,Bawle,ybawlej9@psu.edu,Male,178.107.112.152,PS
695,Felipa,Wigg,fwiggja@globo.com,Female,209.217.246.170,US
696,Kit,Gomme,kgommejb@cornell.edu,Polygender,133.163.190.166,GB
697,Hendrick,Rontree,hrontreejc@istockphoto.com,Male,81.57.26.32,TH
698,Eadmund,Salzberger,esalzbergerjd@unblog.fr,Male,181.140.177.232,IR
699,Kennith,Nairne,knairneje@whitehouse.gov,Male,202.71.203.177,CN
700,Erin,Varey,evareyjf@alibaba.com,Female,194.57.49.7,CN
701,Shelbi,Boness,sbonessjg@mlb.com,Female,181.63.110.21,MN
702,Clarey,Maving,cmavingjh@ask.com,Female,101.50.172.239,PL
703,Dollie,Janoschek,djanoschekji@booking.com,Female,92.169.102.196,HU
704,Ebeneser,Shrieve,eshrievejj@vistaprint.com,Agender,121.72.32.237,CN
705,Selia,Peters,spetersjk@abc.net.au,Female,70.157.226.130,EC
706,Berkly,Shackesby,bshackesbyjl@who.int,Male,198.73.122.42,FR
707,Hubert,Simone,hsimonejm@constantcontact.com,Male,236.136.230.212,CN
708,Verge,Lettley,vlettleyjn@csmonitor.com,Male,108.15.130.16,ID
709,Sharleen,Stockdale,sstockdalejo@netlog.com,Female,204.56.46.131,CN
710,Gasparo,Galliford,ggallifordjp@amazon.co.jp,Bigender,136.119.91.211,PE
711,Virge,Dutch,vdutchjq@yellowpages.com,Male,182.221.80.83,BY
712,Danni,Pyson,dpysonjr@apple.com,Female,202.205.27.3,PH
713,Midge,Vines,mvinesjs@redcross.org,Female,21.221.154.243,RU
714,Izak,Ponting,ipontingjt@usatoday.com,Genderqueer,120.253.121.179,ID
715,Melesa,Gutteridge,mgutteridgeju@timesonline.co.uk,Female,35.118.78.229,PL
716,Katherina,Campo,kcampojv@123-reg.co.uk,Non-binary,38.202.140.229,RU
717,Lauralee,Jandl,ljandljw@oaic.gov.au,Female,168.19.229.207,ID
718,Barrett,Scrivens,bscrivensjx@usnews.com,Male,51.103.94.254,GT
719,Karine,Greer,kgreerjy@walmart.com,Female,5.222.213.10,AM
720,Stace,Attrill,sattrilljz@wikimedia.org,Female,149.7.99.161,PL
721,Con,Sherlaw,csherlawk0@blogtalkradio.com,Male,1.47.141.79,CN
722,Brandie,Beadham,bbeadhamk1@mayoclinic.com,Female,98.106.89.97,SE
723,Emmery,Cooley,ecooleyk2@amazon.co.jp,Male,157.225.246.179,ID
724,Gerick,Thuillier,gthuillierk3@chicagotribune.com,Male,235.9.136.199,ID
725,Corbett,Littleover,clittleoverk4@dailymail.co.uk,Male,136.167.203.101,PH
726,Mose,Smetoun,msmetounk5@themeforest.net,Male,140.104.186.84,MX
727,Ruthanne,Eaken,reakenk6@usda.gov,Female,184.79.147.11,PH
728,Chrissie,Duffell,cduffellk7@epa.gov,Male,32.235.28.90,CN
729,Sylvester,Craft,scraftk8@qq.com,Male,56.171.9.84,ID
730,Brittne,Birchenhead,bbirchenheadk9@phoca.cz,Female,84.99.176.201,RU
731,Kaila,Zimek,kzimekka@cbslocal.com,Female,186.89.207.210,CN
732,Curt,Mahedy,cmahedykb@deviantart.com,Male,243.210.76.2,CZ
733,Edan,Zammitt,ezammittkc@examiner.com,Male,192.137.62.222,HN
734,Reinhold,Mattedi,rmattedikd@devhub.com,Male,100.52.253.88,PE
735,Marcy,Warriner,mwarrinerke@wikipedia.org,Female,135.67.1.86,RS
736,Van,Irvine,virvinekf@vistaprint.com,Male,180.176.226.220,AF
737,Normand,Reeman,nreemankg@vimeo.com,Male,229.15.30.27,UG
738,Avrom,Piser,apiserkh@imdb.com,Male,54.218.104.239,PE
739,Danny,Taye,dtayeki@cnbc.com,Male,0.97.195.226,VN
740,Dion,MacRury,dmacrurykj@vistaprint.com,Female,176.160.75.106,KE
741,Kristopher,Ida,kidakk@webnode.com,Male,142.168.21.141,AR
742,Ruddy,Larroway,rlarrowaykl@theguardian.com,Male,98.84.147.45,FR
743,Louisette,Wiper,lwiperkm@china.com.cn,Female,68.132.64.80,MK
744,Saunder,Straker,sstrakerkn@tripadvisor.com,Male,153.193.20.128,JM
745,Lindon,Petriello,lpetrielloko@oracle.com,Male,229.90.111.254,US
746,Pavia,Radnage,pradnagekp@lulu.com,Female,88.71.241.27,ID
747,Ida,Grundwater,igrundwaterkq@w3.org,Female,97.49.124.98,AR
748,Eugene,Meeke,emeekekr@ask.com,Male,82.220.147.135,CO
749,Christina,Baudinelli,cbaudinelliks@weebly.com,Genderqueer,101.254.118.106,CN
750,Rania,Marcome,rmarcomekt@eventbrite.com,Female,67.144.174.234,KH
751,Tedie,Nortunen,tnortunenku@usatoday.com,Male,203.2.243.116,TH
752,Merell,Simacek,msimacekkv@amazon.co.uk,Male,132.133.153.14,JP
753,Adelheid,Hamblyn,ahamblynkw@netlog.com,Female,89.40.105.148,RU
754,Brod,Brass,bbrasskx@wisc.edu,Male,231.2.154.26,MT
755,Gerome,Mallinson,gmallinsonky@vimeo.com,Male,115.71.178.59,ID
756,Stillman,Cockton,scocktonkz@printfriendly.com,Male,194.101.240.145,FR
757,Brena,Jerok,bjerokl0@g.co,Female,249.140.54.145,ID
758,Ivar,MacMeekan,imacmeekanl1@usatoday.com,Male,239.20.41.214,KW
759,Roderick,Slidders,rsliddersl2@adobe.com,Male,175.217.104.206,PK
760,Richardo,Gorner,rgornerl3@illinois.edu,Male,5.246.229.106,CN
761,Halley,Lind,hlindl4@kickstarter.com,Female,2.153.239.254,AM
762,Pet,Boreham,pborehaml5@columbia.edu,Female,126.110.212.224,PH
763,Read,Traill,rtrailll6@stanford.edu,Male,72.197.109.67,BR
764,Erhard,Marsie,emarsiel7@ed.gov,Genderfluid,46.205.158.12,IE
765,Magdalene,Nornasell,mnornaselll8@altervista.org,Female,212.243.63.15,PH
766,Sheena,Licquorish,slicquorishl9@chron.com,Female,138.77.98.229,CN
767,Flore,Daniely,fdanielyla@cdbaby.com,Bigender,244.242.139.232,HR
768,Emiline,Leake,eleakelb@taobao.com,Female,37.204.200.28,PH
769,Jennie,Nealand,jnealandlc@paginegialle.it,Female,42.121.81.194,CN
770,Kin,Fairpool,kfairpoolld@google.com,Male,212.124.45.197,BJ
771,Sawyer,Tyas,styasle@usa.gov,Male,51.0.33.39,LY
772,Romy,Westmore,rwestmorelf@indiatimes.com,Female,101.216.244.167,CN
773,Matthaeus,Melarkey,mmelarkeylg@java.com,Male,147.154.35.114,TN
774,Ambrosi,Trowsdale,atrowsdalelh@google.pl,Male,89.137.56.89,FR
775,Latrena,Sherington,lsheringtonli@e-recht24.de,Female,241.182.211.41,CN
776,Loretta,Dugall,ldugalllj@admin.ch,Female,211.129.1.124,PH
777,Margarette,Aubery,mauberylk@comcast.net,Non-binary,32.63.69.6,FR
778,Elmore,Laurenceau,elaurenceaull@yelp.com,Male,87.65.89.213,PH
779,Edgard,Dripps,edrippslm@angelfire.com,Agender,49.221.62.126,MY
780,Porter,Sussams,psussamsln@netvibes.com,Male,119.98.162.203,FI
781,Anya,Eickhoff,aeickhofflo@msu.edu,Female,65.142.107.130,KR
782,Piper,Gauntlett,pgauntlettlp@wiley.com,Female,58.151.28.6,EC
783,Carlene,Carlucci,ccarluccilq@yellowpages.com,Female,37.5.201.153,RU
784,Cherise,Ker,ckerlr@sogou.com,Female,80.16.35.192,LA
785,Damaris,Le Bosse,dlebossels@zimbio.com,Female,110.188.252.192,ID
786,Dredi,Colbert,dcolbertlt@privacy.gov.au,Female,211.220.124.252,PH
787,Jessica,O'Cannon,jocannonlu@wikipedia.org,Female,104.99.242.101,JP
788,Edlin,Mizzen,emizzenlv@ft.com,Male,214.146.11.31,BR
789,Arie,Haggith,ahaggithlw@dot.gov,Male,239.245.210.93,HN
790,Pennie,Rosbottom,prosbottomlx@google.nl,Male,27.88.207.36,PT
791,Carrol,Seward,csewardly@mozilla.com,Male,83.109.69.141,ID
792,Frasier,Beauly,fbeaulylz@princeton.edu,Male,202.67.134.111,PT
793,Elsworth,Dogg,edoggm0@sakura.ne.jp,Male,164.132.161.41,JP
794,Merralee,Watling,mwatlingm1@wikispaces.com,Female,235.228.42.128,SE
795,Ripley,Penella,rpenellam2@wufoo.com,Male,46.35.14.117,MX
796,Celinka,Bonnar,cbonnarm3@google.es,Female,113.9.130.217,CN
797,Haskell,Huws,hhuwsm4@linkedin.com,Male,200.173.49.205,BR
798,Karlotta,Fortun,kfortunm5@slashdot.org,Female,186.243.224.101,JP
799,Laird,Sparrowhawk,lsparrowhawkm6@furl.net,Male,138.133.175.113,PT
800,Ginevra,Callaghan,gcallaghanm7@about.me,Female,119.39.140.37,PL
801,Katuscha,Clausson,kclaussonm8@mit.edu,Female,170.124.248.167,CN
802,Gabriella,Hackley,ghackleym9@sogou.com,Female,178.67.24.180,ID
803,Abbie,Franschini,afranschinima@merriam-webster.com,Male,152.151.36.21,VE
804,Bucky,Touhig,btouhigmb@furl.net,Male,239.43.26.11,CL
805,Woodrow,Versey,wverseymc@aol.com,Male,114.20.7.227,ID
806,Hall,Larroway,hlarrowaymd@msu.edu,Male,225.48.33.225,CN
807,Vittoria,Dockree,vdockreeme@123-reg.co.uk,Female,68.3.60.60,IL
808,Sarina,Arnfield,sarnfieldmf@shareasale.com,Female,8.214.203.218,HU
809,Hubert,Akrigg,hakriggmg@aboutads.info,Male,40.146.233.169,ID
810,Mitchael,Shipway,mshipwaymh@wikipedia.org,Male,33.236.76.123,KR
811,Malvin,Haddrell,mhaddrellmi@mozilla.com,Male,46.41.42.77,ID
812,Kaitlin,Hancell,khancellmj@ifeng.com,Genderqueer,135.45.238.220,SE
813,Calv,Guisby,cguisbymk@hc360.com,Male,242.59.195.98,PT
814,Ottilie,Aharoni,oaharoniml@sphinn.com,Female,92.46.189.244,US
815,Khalil,Stillwell,kstillwellmm@google.ca,Genderqueer,215.218.40.4,FR
816,Edik,Gatfield,egatfieldmn@globo.com,Male,249.78.212.109,PT
817,Madalena,Furber,mfurbermo@sphinn.com,Female,156.38.127.7,CN
818,Wenonah,Blethyn,wblethynmp@google.pl,Female,168.180.187.63,ID
819,Kleon,Birckmann,kbirckmannmq@washington.edu,Male,136.247.37.52,CN
820,Marlee,Pritchard,mpritchardmr@1688.com,Female,253.16.141.139,IT
821,Kikelia,Duligall,kduligallms@nationalgeographic.com,Female,46.160.135.57,CN
822,Wells,Green,wgreenmt@mozilla.org,Male,20.157.126.146,BY
823,Maryann,Peschet,mpeschetmu@nymag.com,Female,163.196.130.28,CN
824,Samara,Petris,spetrismv@wp.com,Non-binary,94.85.217.61,TN
825,Denny,Endricci,dendriccimw@sphinn.com,Male,164.198.97.175,MN
826,Augusta,Kingaby,akingabymx@thetimes.co.uk,Female,93.88.140.84,SL
827,Dael,Jorn,djornmy@telegraph.co.uk,Male,223.73.142.237,ID
828,Reinhard,Scryne,rscrynemz@vimeo.com,Male,44.180.150.14,CV
829,Perl,Flisher,pflishern0@webeden.co.uk,Female,164.8.56.185,FR
830,Justine,Sharpus,jsharpusn1@prlog.org,Female,32.109.247.114,HT
831,Laurens,Dufty,lduftyn2@stumbleupon.com,Male,14.168.125.200,CN
832,Balduin,Lebourn,blebournn3@businesswire.com,Male,191.1.171.148,CA
833,Luelle,Matteini,lmatteinin4@about.me,Female,228.146.232.172,CN
834,Idette,Hadcock,ihadcockn5@ask.com,Genderqueer,205.60.156.179,LY
835,Luke,Ventham,lventhamn6@elpais.com,Male,162.33.24.44,CN
836,Wolfy,Martell,wmartelln7@behance.net,Male,232.235.42.65,ID
837,Arte,Arundell,aarundelln8@apple.com,Male,57.91.177.164,PH
838,Sadie,Grimshaw,sgrimshawn9@toplist.cz,Bigender,91.228.26.229,CN
839,Fina,Andrin,fandrinna@scribd.com,Female,240.96.111.33,ID
840,Reamonn,Salsberg,rsalsbergnb@cdc.gov,Male,149.20.155.65,IE
841,Beryle,Keeton,bkeetonnc@dmoz.org,Agender,177.211.144.236,TM
842,Elfrida,Cottie,ecottiend@nytimes.com,Female,103.59.71.105,BR
843,Inglebert,Whiteley,iwhiteleyne@bbb.org,Male,209.132.81.214,FR
844,Molly,McDermot,mmcdermotnf@yahoo.co.jp,Female,3.246.215.77,CN
845,Benedict,Bleyman,bbleymanng@unblog.fr,Bigender,219.165.34.150,PL
846,Gilles,Spincke,gspinckenh@infoseek.co.jp,Polygender,145.134.151.55,AM
847,Devin,Roscamp,droscampni@dailymotion.com,Female,163.50.59.101,MX
848,Danella,Coniam,dconiamnj@yelp.com,Female,222.95.241.131,FR
849,Rick,Hurcombe,rhurcombenk@fda.gov,Male,30.135.198.83,SO
850,Pat,McClune,pmcclunenl@adobe.com,Agender,20.39.122.71,ID
851,Nobe,Eiler,neilernm@fc2.com,Genderqueer,139.101.23.213,ID
852,Feliza,Radbourn,fradbournnn@csmonitor.com,Agender,115.3.224.126,US
853,Jacquelin,Pevie,jpevieno@uol.com.br,Female,124.99.127.142,NO
854,Dianna,Grafham,dgrafhamnp@g.co,Female,52.186.153.173,RU
855,Bibbie,Bathowe,bbathowenq@stanford.edu,Female,191.238.53.170,ID
856,Edvard,Vuitte,evuittenr@ca.gov,Male,8.109.98.149,ID
857,Linoel,Hetterich,lhetterichns@discuz.net,Male,241.253.0.145,RU
858,Waite,Eckley,weckleynt@furl.net,Male,210.42.63.216,YE
859,Gayleen,Garnul,ggarnulnu@ning.com,Female,234.68.4.226,AT
860,Issi,Quare,iquarenv@oakley.com,Female,240.143.185.156,JP
861,Hestia,Brocks,hbrocksnw@sfgate.com,Female,73.229.5.46,SN
862,Jacob,Middlebrook,jmiddlebrooknx@etsy.com,Male,168.120.94.19,PE
863,Dyane,Smithyman,dsmithymanny@salon.com,Female,87.124.104.158,BR
864,Wynn,Bulloch,wbullochnz@prlog.org,Female,153.93.183.46,CN
865,Harwilll,Fetter,hfettero0@bigcartel.com,Male,223.56.63.192,BS
866,Sigfrid,Efford,seffordo1@tumblr.com,Male,222.5.98.101,CN
867,Symon,Galley,sgalleyo2@tripod.com,Male,233.249.156.63,CN
868,Pollyanna,Loncaster,ploncastero3@sciencedaily.com,Female,64.186.148.187,PH
869,Chevalier,McUre,cmcureo4@bbc.co.uk,Male,24.198.211.160,CM
870,Sarita,Bainbridge,sbainbridgeo5@independent.co.uk,Female,226.122.100.72,ID
871,Casar,Hayfield,chayfieldo6@addtoany.com,Polygender,148.27.148.212,BY
872,Drona,Truckell,dtruckello7@china.com.cn,Female,9.193.81.103,BR
873,Kristyn,Thunnerclef,kthunnerclefo8@washington.edu,Female,9.254.210.218,PH
874,Roldan,Rowbottom,rrowbottomo9@geocities.jp,Male,191.30.111.97,TH
875,Penny,Clerc,pclercoa@uol.com.br,Female,30.77.186.240,BR
876,Nikki,Zelner,nzelnerob@stumbleupon.com,Male,131.143.190.208,PH
877,Deedee,Thieme,dthiemeoc@mapquest.com,Female,210.43.230.161,BR
878,Raimondo,Talks,rtalksod@nba.com,Male,114.85.64.48,PE
879,Othello,Lyffe,olyffeoe@nih.gov,Male,11.68.33.102,PH
880,Tobit,Bunson,tbunsonof@exblog.jp,Male,74.197.16.149,PH
881,Eugenie,Howes,ehowesog@youku.com,Female,181.151.17.127,MX
882,Cyrillus,Sutch,csutchoh@miitbeian.gov.cn,Male,31.252.155.178,IR
883,Drusie,Bresland,dbreslandoi@globo.com,Female,176.250.127.115,ID
884,Gilemette,Yurkov,gyurkovoj@timesonline.co.uk,Female,125.238.16.153,ID
885,Robinson,Delany,rdelanyok@yelp.com,Male,11.236.148.86,CN
886,Cecilio,Mallows,cmallowsol@pen.io,Male,188.186.10.173,CN
887,Alfonso,Syred,asyredom@symantec.com,Non-binary,52.56.104.224,ID
888,Bevin,Garred,bgarredon@microsoft.com,Male,88.95.175.141,PH
889,Kyla,Togwell,ktogwelloo@spiegel.de,Female,63.100.151.177,HR
890,Karita,Saltsberg,ksaltsbergop@marketwatch.com,Female,201.200.60.142,HU
891,Berty,Crosston,bcrosstonoq@psu.edu,Male,92.207.206.1,CN
892,Dwayne,Antonin,dantoninor@google.com.au,Male,169.11.126.91,ID
893,Angel,Midner,amidneros@miibeian.gov.cn,Female,88.37.118.211,TH
894,Kitti,Bratchell,kbratchellot@cbc.ca,Female,59.15.32.232,BO
895,Laural,Roja,lrojaou@t-online.de,Female,128.56.54.246,ID
896,Rosalyn,Vasnetsov,rvasnetsovov@answers.com,Female,165.98.234.39,RU
897,Brook,Larrad,blarradow@senate.gov,Female,239.220.179.61,CN
898,Sigrid,Oscroft,soscroftox@economist.com,Female,61.66.32.136,PH
899,Cristal,Yakovlev,cyakovlevoy@yandex.ru,Female,252.103.236.197,KE
900,Cleavland,Largent,clargentoz@lulu.com,Male,47.221.99.122,ID
901,Stefan,Fierman,sfiermanp0@webmd.com,Male,138.108.194.79,MN
902,Wilbur,Addess,waddessp1@prweb.com,Bigender,168.218.0.38,CN
903,Pietro,Verryan,pverryanp2@amazon.co.jp,Male,17.99.179.195,VE
904,Henriette,Fildery,hfilderyp3@drupal.org,Female,19.64.74.149,TJ
905,Courtenay,McElwee,cmcelweep4@theguardian.com,Non-binary,19.184.67.175,CO
906,Cole,Romney,cromneyp5@hao123.com,Bigender,102.43.172.72,US
907,Valentia,Blose,vblosep6@google.co.jp,Female,132.165.76.122,CN
908,Allin,Evreux,aevreuxp7@mysql.com,Male,59.67.176.167,CN
909,Faber,Henke,fhenkep8@timesonline.co.uk,Male,55.208.34.141,US
910,Genni,Dye,gdyep9@plala.or.jp,Female,98.243.183.44,FR
911,Vito,Siene,vsienepa@delicious.com,Male,57.38.8.164,FR
912,Riccardo,Mccaull,rmccaullpb@ca.gov,Male,208.17.204.174,YE
913,Jemmie,Galletley,jgalletleypc@opensource.org,Female,253.165.193.156,PH
914,Tami,Lindblad,tlindbladpd@webnode.com,Female,119.232.252.231,MA
915,Lenora,De Atta,ldeattape@prlog.org,Female,77.61.80.49,ID
916,Carmina,Truelock,ctruelockpf@sohu.com,Female,134.176.118.228,CN
917,Farlay,Burges,fburgespg@state.gov,Male,16.67.249.49,BY
918,Cayla,Groneway,cgronewayph@yellowpages.com,Female,110.185.110.143,IR
919,Claiborne,Goodfield,cgoodfieldpi@accuweather.com,Male,17.245.51.21,CN
920,Zaccaria,Bramley,zbramleypj@economist.com,Male,125.204.17.102,GR
921,Val,Baynom,vbaynompk@studiopress.com,Female,236.15.102.225,JP
922,Nada,Cammish,ncammishpl@51.la,Female,12.122.151.54,IT
923,Thelma,Tackes,ttackespm@w3.org,Female,209.96.47.63,CN
924,Dana,Charles,dcharlespn@huffingtonpost.com,Female,8.26.187.171,AR
925,Dalis,Wrightson,dwrightsonpo@bing.com,Male,216.23.106.3,CN
926,Aldo,Artharg,aarthargpp@zdnet.com,Male,7.231.179.186,ID
927,Rockwell,Inns,rinnspq@tmall.com,Male,87.215.141.184,CN
928,Sibilla,Pinard,spinardpr@flickr.com,Female,140.22.218.96,ID
929,Fay,Boram,fboramps@earthlink.net,Female,24.155.141.43,PH
930,Maribel,Laidel,mlaidelpt@webeden.co.uk,Female,193.145.97.188,CN
931,Bibbye,Glendzer,bglendzerpu@fotki.com,Female,83.50.101.63,MA
932,Jesse,Rogliero,jroglieropv@ucoz.com,Genderqueer,112.57.159.15,MX
933,Archibaldo,Godby,agodbypw@state.tx.us,Male,231.67.73.176,AS
934,Kurtis,Paffot,kpaffotpx@mac.com,Male,183.130.169.253,MN
935,Charyl,McAnellye,cmcanellyepy@usatoday.com,Female,71.133.11.37,RU
936,Marrilee,Pumphreys,mpumphreyspz@w3.org,Female,134.87.240.51,IQ
937,Felicio,Blencoe,fblencoeq0@forbes.com,Male,54.70.47.134,FI
938,Nolana,Zorzoni,nzorzoniq1@studiopress.com,Female,5.104.139.39,SI
939,Fancy,Humby,fhumbyq2@nature.com,Female,72.24.0.209,CN
940,Clyve,Sperski,csperskiq3@timesonline.co.uk,Male,197.129.174.111,CN
941,Ingar,Caves,icavesq4@hatena.ne.jp,Male,182.200.87.86,CN
942,Claude,Kynvin,ckynvinq5@usnews.com,Female,179.65.255.66,UA
943,Sansone,Claw,sclawq6@msu.edu,Male,248.207.172.86,ID
944,Russ,Raecroft,rraecroftq7@tmall.com,Male,199.125.178.128,AR
945,Clemmy,McGillivrie,cmcgillivrieq8@soup.io,Male,181.137.28.35,CN
946,Gayelord,Acome,gacomeq9@illinois.edu,Male,82.120.109.184,TL
947,Othilia,Sharratt,osharrattqa@jalbum.net,Female,0.251.222.224,RU
948,Culver,Amsberger,camsbergerqb@europa.eu,Male,215.177.15.158,TZ
949,Leonanie,Styles,lstylesqc@hostgator.com,Non-binary,81.87.131.115,EG
950,Sarina,McCotter,smccotterqd@dyndns.org,Female,165.82.248.147,KZ
951,Evangelia,Ashmole,eashmoleqe@webnode.com,Bigender,116.226.101.86,CN
952,Lanie,Pasmore,lpasmoreqf@sourceforge.net,Female,152.9.108.21,RU
953,Adora,Grassick,agrassickqg@shareasale.com,Female,90.136.243.112,FI
954,Elroy,Epilet,eepiletqh@google.pl,Male,39.114.189.140,RU
955,Lynne,Sommers,lsommersqi@mozilla.org,Genderfluid,99.241.131.46,ID
956,Wain,Cinnamond,wcinnamondqj@163.com,Male,153.220.60.123,ID
957,Stanfield,Peschet,speschetqk@marriott.com,Male,45.144.223.8,PY
958,Niels,Scrinage,nscrinageql@mayoclinic.com,Male,135.234.28.68,CN
959,Judon,Dugood,jdugoodqm@w3.org,Genderqueer,105.189.250.69,UA
960,Kimmi,Plaide,kplaideqn@princeton.edu,Female,127.162.139.47,SL
961,Gabbie,Lapthorn,glapthornqo@google.it,Female,15.249.109.81,CZ
962,Latrina,Ashwin,lashwinqp@g.co,Female,18.26.112.238,CN
963,Tore,Cornhill,tcornhillqq@unc.edu,Male,198.145.92.95,ZA
964,Marchelle,Lownds,mlowndsqr@loc.gov,Female,155.108.27.101,ZA
965,Onofredo,Karlsen,okarlsenqs@indiegogo.com,Male,47.62.5.197,OM
966,Padgett,Farrears,pfarrearsqt@house.gov,Male,47.208.128.56,GR
967,Cordelia,Dunster,cdunsterqu@over-blog.com,Female,97.19.54.126,ZA
968,Doyle,Brien,dbrienqv@nasa.gov,Male,102.42.132.211,CA
969,Northrup,Geering,ngeeringqw@bizjournals.com,Male,70.178.160.37,NO
970,Tammy,Hancill,thancillqx@photobucket.com,Male,211.54.43.210,CN
971,Lorena,Lowres,llowresqy@globo.com,Female,181.82.224.144,AF
972,Angelo,Mulder,amulderqz@networkadvertising.org,Male,171.50.99.32,YE
973,Evangelia,Sneddon,esneddonr0@1688.com,Bigender,105.45.192.96,UZ
974,Cullie,Eslie,ceslier1@cnbc.com,Male,52.114.142.204,CN
975,Creight,Eberts,cebertsr2@mapquest.com,Polygender,96.123.38.208,VN
976,Townsend,Halligan,thalliganr3@amazon.co.jp,Male,82.49.235.44,CY
977,Margi,Warricker,mwarrickerr4@nyu.edu,Female,223.212.121.168,FR
978,Diena,Labdon,dlabdonr5@multiply.com,Female,224.32.247.149,CD
979,Garvin,Duckerin,gduckerinr6@yellowbook.com,Genderfluid,201.143.41.131,CN
980,Tabbie,Stormouth,tstormouthr7@yandex.ru,Male,58.213.98.135,ID
981,Clovis,Guisot,cguisotr8@oaic.gov.au,Female,70.156.249.17,ID
982,Zach,Demschke,zdemschker9@cam.ac.uk,Male,129.50.81.117,CN
983,Cos,Esson,cessonra@tripadvisor.com,Male,250.146.27.160,ID
984,Gray,Cullimore,gcullimorerb@apple.com,Male,215.94.16.4,ID
985,Florinda,Laise,flaiserc@auda.org.au,Female,169.59.87.208,CZ
986,Rahel,MacNeice,rmacneicerd@census.gov,Female,47.114.49.87,ID
987,Phillida,Croxley,pcroxleyre@histats.com,Female,137.106.113.228,BR
988,Paxton,Corey,pcoreyrf@theglobeandmail.com,Genderqueer,73.29.174.216,IR
989,Ernaline,Willeson,ewillesonrg@techcrunch.com,Female,101.216.218.200,SE
990,Bria,Bulluck,bbulluckrh@devhub.com,Female,213.86.240.103,VN
991,Jeno,Milleton,jmilletonri@sina.com.cn,Male,253.141.121.98,CN
992,Marcellus,Pasek,mpasekrj@github.io,Male,50.220.193.192,UA
993,Olympia,Quinevan,oquinevanrk@twitter.com,Female,66.167.162.126,PA
994,Maxy,Greatrex,mgreatrexrl@columbia.edu,Female,17.2.159.126,TH
995,Tannie,Harms,tharmsrm@typepad.com,Male,149.38.112.95,SE
996,Morganne,Baudins,mbaudinsrn@live.com,Female,42.174.187.86,US
997,Emmalynne,Klimkin,eklimkinro@xrea.com,Female,137.128.147.175,BR
998,Beverie,Gentzsch,bgentzschrp@so-net.ne.jp,Female,218.94.229.25,NG
999,Geri,Van de Velde,gvandevelderq@is.gd,Male,201.14.65.141,LA
1000,Nicol,Dunnico,ndunnicorr@salon.com,Female,222.1.130.155,PT
